merchant_category,total_card_transactions,fraud_transactions,fraud_rate_pct,total_volume_amount,total_fraud_amount,avg_fraud_amount
ATM Withdrawal,214289,1121,0.52,396908259.03,2056655.96,1834.66
Healthcare,214975,1119,0.52,398603868.52,2012419.56,1798.41
Salary Credit,214558,1115,0.52,397477411.45,1979739.36,1775.55
Entertainment,213605,1096,0.51,395504856.96,2073522.09,1891.9
Fuel,214392,1076,0.5,396137012.59,2029037.0,1885.72
Utilities,214654,1069,0.5,396582268.35,1983750.47,1855.71
Fund Transfer,214964,1067,0.5,398916881.97,1959664.59,1836.61
Groceries,214009,1065,0.5,394643112.97,1869957.65,1755.83
Dining,214599,1057,0.49,396988734.03,1927718.58,1823.76
Rent,213915,1046,0.49,396298715.07,1926246.36,1841.54
Shopping,213181,1042,0.49,394416839.21,1975945.28,1896.3
Education,214167,1033,0.48,396725315.22,1843827.0,1784.92
Travel,214713,1026,0.48,396384537.36,1872757.92,1825.3
Insurance,213979,1022,0.48,395515941.24,1906901.42,1865.85
